Use-Case Name,Use-Case ID,Purpose,Category,Advantages,API Integrations,Audience,Competitive Analysis,Cost and Resource Considerations,Cost-Benefit Analysis,Coverage,Custom GPTs Ideas,Customization Options,Example Prompt,Feedback and Improvement,Future Development Roadmap,Impact and Value Proposition,Integration Requirements,Implementation Complexity,Legal and Ethical Considerations,Limitations,Market Landscape,Platform Access,Popularity,Prompt Guidance,Prompt Engineering vs. Custom GPT Development,Real Life Examples,Scalability and Maintenance,Security and Privacy Considerations,Use-case Example,Use-case Summary,User Case Studies:,User Feedback and Adaptation,User Interaction,Implementation Complexity Estimate,Reputational Effects,Sustainability,User Training and Support,Generation Date,Generation Platform,Generation Model,Generation Prompt Version
" AI-Assisted Content Moderation",UC_1,Business,Workflow Automation,"GPT offers real-time, scalable content moderation, reducing the need for human moderators and minimizing response times. It can handle diverse languages and formats, providing consistent enforcement of rules and enhancing user experience.","*   **Perspective API**: For toxicity detection and sentiment analysis.
    
*   **AWS Rekognition**: For image and video content moderation.
    
*   **OpenAI API**: For integrating GPT capabilities into content management systems.","*   Social media platforms
    
*   Online forums and communities
    
*   E-commerce sites with user reviews
    
*   News websites with comment sections
    
*   Online gaming platforms","*   **Strengths**: Scalability, 24/7 operation, multi-language support.
    
*   **Weaknesses**: Limited understanding of context and nuances, potential for false positives/negatives.
    
*   **Opportunities**: Expanding to video and live-stream moderation, offering premium moderation services.
    
*   **Threats**: Competing AI solutions, evolving legal requirements for content moderation.","*   **Computing Power**: High, due to real-time processing needs.
    
*   **Data Storage**: Significant, for storing flagged content and moderation logs.
    
*   **Human Resources**: Required for system monitoring, training, and refining GPT models.","*   **Costs**: Investment in AI infrastructure, training data, and ongoing maintenance.
    
*   **Benefits**: Reduced operational costs from less reliance on human moderators, enhanced user safety, and compliance with regulations. Potential high ROI through improved user trust and reduced legal risks.",,"*   **Specialized GPTs**: Focused on specific content types (e.g., text, images, videos) or platforms.
    
*   **Multi-lingual GPTs**: Tailored to moderate content in specific languages and cultural contexts.
    
*   **Contextual Analysis GPTs**: Enhanced understanding of context to reduce false positives.","*   **User-defined Rules**: Ability to set custom rules for content moderation.
    
*   **Alert Settings**: Configurable notifications for different levels of content severity.
    
*   **Dashboard Customization**: Personalized views for moderators.","""Moderate this comment for offensive language: 'You are a horrible person, and I hope you get banned!'""","*   Regular feedback loops from human moderators to improve AI accuracy.
    
*   User feedback mechanisms to report false positives/negatives.
    
*   Continuous training with new data to adapt to evolving language and content trends.","*   **Expansion into New Media**: Extending capabilities to moderate audio and video content.
    
*   **Enhanced Contextual Understanding**: Improving AI's ability to understand sarcasm, satire, and nuanced language.
    
*   **Integration with AR/VR**: Moderating content in immersive virtual environments.","*   **For Users**: Provides a safer and more enjoyable online experience.
    
*   **For Businesses**: Reduces legal risks and enhances brand reputation by maintaining a positive community environment.","*   **Data Privacy Compliance**: Adherence to GDPR, CCPA, and other data protection laws.
    
*   **API Connectivity**: Integration with existing content management systems and third-party APIs.
    
*   **Scalability**: Infrastructure to handle varying volumes of content.","Challenges include ensuring accurate context understanding, integrating with various content formats, and maintaining compliance with diverse legal standards.

<br /><br />","*   **Data Privacy**: Ensuring user data is handled securely and with consent.
    
*   **Free Speech vs. Moderation**: Balancing content moderation with freedom of expression.
    
*   **Bias and Fairness**: Addressing potential biases in AI moderation decisions.","*   **Context Understanding**: Difficulty in accurately interpreting context and nuances.
    
*   **False Positives/Negatives**: Risk of incorrect moderation decisions.
    
*   **Cultural Sensitivity**: Varying standards and norms across cultures.","*   **Key Players**: Facebook, YouTube, Twitter, and emerging AI moderation startups.
    
*   **Market Size**: Growing, driven by increasing demand for content moderation across platforms.
    
*   **Competitive Advantages**: Speed, scalability, and multi-language capabilities.","*   **Web UI**: Integration with web-based content management interfaces.
    
*   **API**: For programmatic access to moderation tools.
    
*   **Custom Scripting**: For advanced use cases and custom integrations.",Increasingly popular due to the rise of user-generated content and the need for real-time moderation. Widely adopted by major social media platforms and online communities.,"*   **Specificity**: Clearly define the content type and moderation criteria.
    
*   **Context**: Provide context for better understanding (e.g., nature of the platform, typical user base).
    
*   **Tone Sensitivity**: Indicate if the AI should consider tone and intent.","*   **Prompt Engineering**: Suitable for standard moderation tasks with straightforward criteria.
    
*   **Custom GPT Development**: Necessary for specialized content types, cultural nuances, or integration with proprietary systems.","*   **YouTube**: Uses AI to detect and remove inappropriate content.
    
*   **Facebook**: Employs AI to identify hate speech and misinformation.
    
*   **Reddit**: Uses AI tools to moderate comments and posts in real-time.","*   **Scalability**: Designed to handle growing volumes of content and expanding user bases.
    
*   **Maintenance**: Requires regular updates to AI models and training data to stay current with trends and language changes.","*   **Data Encryption**: Secure storage and transmission of user data.
    
*   **Anonymization**: Ensuring anonymity for users when necessary.
    
*   **Audit Trails**: Maintaining logs for transparency and accountability.","A social media platform uses GPT to automatically flag and review posts containing offensive language or hate speech, reducing the workload for human moderators and improving response times.","AI-Assisted Content Moderation utilizes GPT to automatically filter and manage user-generated content across digital platforms, ensuring compliance with community guidelines and legal standards.","*   **Twitter**: Implemented AI to detect and remove harmful tweets, reducing manual review workload.
    
*   **Discord**: Uses AI-powered bots for moderating chat channels, ensuring safe communication.","*   Collect user feedback on the accuracy and fairness of moderation.
    
*   Adapt the system based on user reports of false positives or negatives.
    
*   Continuously refine algorithms to better understand context and intent.","*   **Chat Interface**: For real-time moderation queries and feedback.
    
*   **Admin Dashboard**: For overseeing moderation activities and reviewing flagged content.
    
*   **Notifications**: Alerts for administrators about critical issues or trends.",7,,,"*   **Tutorials**: For onboarding new moderators and administrators.
    
*   **Customer Support**: Available for troubleshooting and advanced configurations.
    
*   **Knowledge Base**: Documentation on system usage, best practices, and FAQ.",2024-08-04,ChatGPT,GPT 4o,1.0
Intelligent Customer Support Chatbot,UC_2,Business,Customer Support and Service,"GPT offers 24/7 customer support, quick response times, and consistent service quality. It reduces the workload on human agents and provides multilingual support, catering to a global audience.","*   **Twilio API**: For SMS and voice communication integration.
    
*   **Zendesk API**: For ticketing and customer service management.
    
*   **Salesforce API**: For CRM integration and customer data management.
    
*   **Dialogflow API**: For natural language processing and understanding.","*   E-commerce businesses
    
*   SaaS companies
    
*   Telecommunications providers
    
*   Financial institutions
    
*   Healthcare providers","*   **Strengths**: Availability around the clock, ability to handle high volumes of inquiries, multilingual support.
    
*   **Weaknesses**: Limited understanding of complex queries, potential for misinterpretation.
    
*   **Opportunities**: Expansion into voice support and personalized customer experiences.
    
*   **Threats**: Competition from specialized chatbot providers and evolving customer expectations.","*   **Computing Power**: Moderate to high, depending on the volume of interactions.
    
*   **Data Storage**: Essential for storing conversation logs and customer data.
    
*   **Human Resources**: Required for chatbot training, maintenance, and handling escalated cases.","*   **Costs**: Initial setup and integration, ongoing maintenance, and data storage costs.
    
*   **Benefits**: Significant cost savings from reduced need for live agents, improved customer satisfaction, and potential revenue growth from enhanced customer experiences.",,"*   **Industry-specific GPTs**: Customized for industries like healthcare, finance, and e-commerce, providing specialized responses.
    
*   **Sentiment Analysis GPTs**: Capable of detecting customer sentiment and adjusting responses accordingly.
    
*   **Voice-enabled GPTs**: For integration with voice assistants and call centers.","*   **Personalized Greetings**: Tailored greetings based on customer data.
    
*   **Custom Response Libraries**: Industry-specific response templates.
    
*   **Adjustable Response Tone**: Configurable tone and style of responses.","""Provide a detailed response to a customer asking about the return policy for an online purchase.""","*   Regular updates to the chatbot's knowledge base based on common queries.
    
*   Use customer feedback to refine responses and address gaps in knowledge.
    
*   Implement machine learning to improve response accuracy over time.","*   **Voice Integration**: Expanding capabilities to include voice-based customer support.
    
*   **Advanced Analytics**: Providing detailed analytics on customer interactions and satisfaction.
    
*   **Proactive Customer Engagement**: Predictive engagement based on customer behavior patterns.","*   **For Users**: Immediate, accurate responses to inquiries, improving overall satisfaction.
    
*   **For Businesses**: Reduces customer service costs, frees up human agents for complex issues, and enhances brand loyalty.","*   **Secure Data Handling**: Compliance with data protection regulations.
    
*   **CRM Integration**: Seamless integration with existing CRM platforms for personalized responses.
    
*   **Scalability**: Infrastructure to support increasing numbers of interactions.","Complexity involves integrating with existing CRM systems, ensuring data security, and handling a wide range of customer queries.","*   **Data Privacy**: Ensuring customer data is handled securely and in compliance with GDPR, CCPA, and other regulations.
    
*   **Bias Mitigation**: Avoiding biased responses by regularly auditing and updating training data.","*   **Understanding Complexity**: Challenges in handling complex or ambiguous queries.
    
*   **Limited Personalization**: May lack deep personalization compared to human agents.
    
*   **Language Nuances**: Difficulty in understanding idiomatic expressions or cultural references.","*   **Key Players**: IBM Watson, Microsoft Bot Framework, LivePerson, and Freshdesk.
    
*   **Market Size**: Rapidly growing, with increasing adoption across industries.
    
*   **Competitive Advantages**: Speed, efficiency, and the ability to handle large volumes of interactions.","*   **Web UI**: Accessible through business websites or customer service portals.
    
*   **API**: Integration with existing systems for seamless customer support.
    
*   **Custom Scripting**: For specialized use cases or advanced customizations.","Increasingly popular as businesses seek to enhance customer service efficiency and reduce operational costs. Widely adopted across e-commerce, tech, and financial services.","*   **Clarity**: Provide clear and concise prompts for accurate responses.
    
*   **Context**: Include relevant context or customer details for personalized answers.
    
*   **Tone and Style**: Specify the desired tone and style of the response.","*   **Prompt Engineering**: Effective for handling standard, repetitive customer queries.
    
*   **Custom GPT Development**: Required for industry-specific applications or complex, nuanced interactions.","H&M: Uses a chatbot for customer inquiries about product availability and store locations.
Bank of America: ""Erica,"" a virtual assistant for banking inquiries and transactions.
Domino's Pizza: Chatbot for ordering and tracking pizza deliveries.","*   **Scalability**: Designed to handle a growing number of interactions without significant degradation in response time.
    
*   **Maintenance**: Requires regular updates to the knowledge base and response algorithms.","*   **Encryption**: Data encryption in transit and at rest.
    
*   **Access Controls**: Strict access controls to sensitive customer data.
    
*   **Anonymization**: Anonymizing user data where possible to protect privacy.","An e-commerce company uses a GPT-powered chatbot to answer customer queries about order status, return policies, and product information, significantly reducing the load on human customer service representatives.","An AI-powered chatbot that provides intelligent and automated responses to customer inquiries, enhancing customer service efficiency.","*   **Sephora**: Implemented a chatbot for product recommendations and beauty tips, enhancing customer engagement.
    
*   **Lyft**: Uses a chatbot to assist with ride bookings and customer support.","*   Collect feedback from users on response accuracy and helpfulness.
    
*   Adapt the chatbot based on feedback and common issues reported by customers.
    
*   Continuously update the system to handle new types of inquiries.","*   **Chat Interface**: Web and mobile chat interfaces for real-time customer interaction.
    
*   **Voice Commands**: Integration with voice assistants for voice-based customer support.
    
*   **Form Inputs**: Collecting structured data through form-based interactions.",0,,,"*   **Tutorials**: Online tutorials and guides for using the chatbot.
    
*   **Customer Support**: Dedicated support team for troubleshooting and assistance.
    
*   **Knowledge Base**: Comprehensive documentation and FAQs for self-service support.
    

4o",2024-08-04,ChatGPT,GPT 4o,1.1
" Automated Content Creation for Marketing",UC_4,Business,Content Creation and Writing,"*   **Efficiency**: GPT can quickly generate high-quality content, saving time compared to manual writing.
    
*   **Scalability**: Able to produce a large volume of content with consistent quality.
    
*   **Personalization**: Capable of customizing content based on audience data and preferences.
    
*   **Cost-effective**: Reduces the need for a large team of content creators.","*   **Google Analytics**: To tailor content based on audience demographics and interests.
    
*   **HubSpot**: For seamless integration with marketing automation and CRM systems.
    
*   **Social Media APIs**: For scheduling and posting generated content directly.","*   Individual investors
    
*   Financial advisors
    
*   Wealth management firms
    
*   Retail banks
    
*   Robo-advisors","*   **Strengths**:
    
    *   Rapid content generation
        
    *   High customization and personalization capabilities
        
    *   Integration with various platforms
        
    
    **Weaknesses**:
    
    *   May require human review for accuracy and tone
        
    *   Can lack the creative nuance of human writers
        
    
    **Opportunities**:
    
    *   Expanding to more niche markets with specialized content
        
    *   Enhancing language support for global reach
        
    
    **Threats**:
    
    *   Competition from other AI content generation tools
        
    *   Potential for misuse or low-quality content flooding","*   **Computing Power**: Requires significant computational resources for real-time content generation.
    
*   **Data Storage**: Need for robust data storage solutions for generated content and audience data.
    
*   **Human Resources**: May require content managers to oversee and refine output.","*   **Costs**: Infrastructure, subscription fees for APIs, and potential human oversight.
    
*   **Benefits**: Increased content output, reduced labor costs, higher engagement from personalized content.
    
*   **ROI Metrics**: Can be measured through increased traffic, engagement, and conversion rates.",,"*   **Industry-Specific GPTs**: Custom models trained on industry-specific jargon and trends.
    
*   **Brand Voice GPTs**: Models fine-tuned to align with a brand's specific voice and tone.","*   **Configurable Settings**: Tone, style, length, and type of content.
    
*   **Personalization Features**: Custom prompts based on user data and preferences.","""Generate a 300-word blog post about the benefits of using renewable energy for small businesses.""","*   **Iterative Refinement**: Regularly update training data and fine-tune models based on user feedback.
    
*   **Enhanced Capabilities**: Develop more nuanced understanding of specific topics and industry requirements.","*   **Multi-lingual Support**: Expanding language capabilities.
    
*   **Advanced Personalization**: More sophisticated audience segmentation and content targeting.
    
*   **AI Ethics and Bias Reduction**: Continuous improvement to reduce biases in generated content.","*   **Impact**: Streamlines content creation, allowing marketers to focus on strategy.
    
*   **Value Proposition**: Offers a cost-effective and efficient alternative to traditional content creation methods.","*   **API Compatibility**: Ensure compatibility with existing marketing and CRM platforms.
    
*   **Data Security**: Secure handling of user and audience data.","*   **Technical Challenges**: Integration with existing systems, ensuring content quality.
    
*   **Infrastructure**: Requires robust cloud infrastructure for scalability and reliability.","*   **Data Privacy**: Compliance with data protection regulations (e.g., GDPR).
    
*   **Content Ownership**: Clarification of intellectual property rights for generated content.","*   **Quality Control**: May require human oversight for quality assurance.
    
*   **Creativity**: Limited to generating content based on existing data and patterns.","*   **Key Players**: OpenAI, [Copy.ai](http://Copy.ai), Jasper, Writesonic.
    
*   **Market Size**: Growing market with increasing adoption of AI in marketing.","*   **Access Methods**: Web UI, API, custom scripting through SDKs.",**Current Popularity**: Growing interest as businesses seek efficient content solutions.,"**Instructions**: Specify tone, target audience, and desired length. Provide examples for better results.","*   **Prompt Engineering**: Suitable for general content tasks with specific prompts.
    
*   **Custom GPT Development**: Recommended for specialized industries or brand-specific needs.",,"*   **Scalability**: Can scale content production based on demand.
    
*   **Maintenance**: Regular updates to the model and infrastructure for optimal performance","*   **Sensitive Data**: Avoid generating content involving sensitive or personal data.
    
*   **User Confidentiality**: Ensure that user data is not exposed in generated content.","A small business uses GPT to generate weekly blog posts about industry trends, freeing up time for strategic marketing efforts.","Leveraging GPT to automate content creation for marketing, including blog posts, social media updates, ad copy, and more.","*   **Case Study A**: E-commerce business increased SEO traffic by 40% using AI-generated product descriptions.
    
*   **Case Study B**: Non-profit organization used GPT to create fundraising email campaigns, boosting donations by 20%.","*   **Importance**: Collect feedback to continuously refine the model and improve content quality.
    
*   **Adaptation**: Update training data and prompts based on feedback to align with user expectations.","*   **Interaction Modes**: Web-based interface, API requests, command-line tools.
    
*   **UX Considerations**: User-friendly design, clear instructions, and easy-to-use interfaces.",7,,,"*   **Training**: Tutorials on effective prompt crafting and system usage.
    
*   **Support**: Access to customer support, FAQs, and troubleshooting guides.",2024-08-04,ChatGPT,GPT 4o,1.1
GPT Personal Travel Assistant,UC_5,Personal,Travel and Tourism,"*   **Personalization**: Offers tailored travel recommendations based on user preferences and past travel history.
    
*   **24/7 Availability**: Accessible at any time, offering immediate answers and suggestions.
    
*   **Comprehensive Information**: Combines data from multiple sources to provide a well-rounded travel plan, including flights, accommodations, activities, and local insights.
    
*   **Time-saving**: Quickly organizes and consolidates information, saving users hours of research.","*   **Skyscanner API**: For flight searches and booking.
    
*   [**Booking.com**](http://Booking.com) **API**: For accommodation suggestions and reservations.
    
*   **Yelp API**: For restaurant and activity recommendations.
    
*   **Google Maps API**: For location-based services and directions.","*   Solo travelers looking for personalized experiences.
    
*   Families needing help planning activities and logistics.
    
*   Busy professionals who want efficient trip planning.
    
*   Adventure seekers looking for unique destinations.","*   **Strengths**: Highly personalized, real-time updates, broad information scope.
    
*   **Weaknesses**: Dependence on data quality, potential for outdated information.
    
*   **Opportunities**: Expansion into local experiences and niche travel interests.
    
*   **Threats**: Competition from dedicated travel apps and services, privacy concerns.","*   **Computing Power**: Moderate, for handling multiple data sources and user queries.
    
*   **Data Storage**: For user preferences, historical data, and trip itineraries.
    
*   **Human Resources**: Minimal, primarily for maintaining and updating the system.","*   **Costs**: Subscription or API usage fees, computing resources.
    
*   **Benefits**: Significant time savings, personalized recommendations, potentially better deals and experiences.",,"*   **Adventure Travel GPT**: Focused on adventure activities like hiking, diving, and extreme sports.
    
*   **Luxury Travel GPT**: Specializes in high-end accommodations and experiences.
    
*   **Budget Travel GPT**: Offers cost-effective travel options and tips for saving money.","*   **Preferences Setup**: Users can input their interests, budget, and travel style.
    
*   **Notification Settings**: Users can opt-in for alerts on deals and updates.
    
*   **Itinerary Adjustments**: Ability to manually tweak suggested itineraries.","""Plan a 7-day trip to Japan for me, including flights, accommodations, and must-see sights.""","*   **User Surveys**: Collect feedback on recommendations and adjust algorithms accordingly.
    
*   **Data Quality**: Continuously update data sources to ensure accuracy.
    
*   **User Interface**: Improve UI for better user experience and accessibility.","*   **Voice Interaction**: Adding voice command features for hands-free use.
    
*   **Real-time Updates**: Integrating live updates for weather, events, and travel advisories.
    
*   **Social Sharing**: Allow users to share their itineraries with friends and family.","Provides a convenient, personalized, and efficient way to plan trips, enhancing user experiences and potentially leading to cost savings and better travel experiences.","*   **Data Synchronization**: Ensure up-to-date information from all integrated APIs.
    
*   **User Authentication**: Secure login for accessing personal travel preferences and history.","Requires integration with multiple APIs, maintaining up-to-date data, and user interface design.","*   **Data Privacy**: Protect user data and preferences.
    
*   **Bias**: Ensure recommendations are fair and not unduly influenced by commercial partnerships.","*   **Data Dependency**: Quality of recommendations depends on the data available.
    
*   **Coverage**: May not cover all destinations or niche interests equally.","AI-based travel planning is growing, with companies like Google, Expedia, and various startups entering the space. The market is competitive but offers room for niche specialization.","Users can access the GPT Personal Travel Assistant via a web interface, mobile app, or API integration.","Increasing, as travelers seek more personalized and efficient ways to plan trips.","*   **Be Specific**: Include details such as dates, interests, and budget.
    
*   **Specify Preferences**: Mention any specific requirements like dietary restrictions or accommodation types.","For general travel planning, prompt engineering is sufficient. However, for niche areas like adventure travel or specific geographic regions, custom GPTs can offer more specialized and accurate recommendations.","*   A solo traveler using the GPT Personal Travel Assistant to discover hidden gems in a foreign city.
    
*   Families planning vacations with activities suited to both adults and children.","*   **Scalability**: The system can scale to accommodate more users and data sources.
    
*   **Maintenance**: Regular updates required for data sources, UI improvements, and algorithm tuning.","*   **Data Encryption**: Ensure all personal data is encrypted.
    
*   **User Consent**: Obtain clear consent for data use and sharing.","A user wakes up and checks their phone, where the GPT personal assistant has already outlined the day's schedule, including meetings, deadlines, and personal tasks. The assistant suggests a new exercise routine and recommends a recipe for dinner based on the user's dietary preferences. Throughout the day, it sends reminders for upcoming events and suggests a short break with a mindfulness exercise. In the evening, it offers a summary of the day's accomplishments and suggests a book to read before bed.","A GPT-based personal travel assistant helps users plan trips by providing personalized recommendations, itineraries, and travel tips.","A case study could feature a couple who used the assistant to plan a honeymoon, highlighting how the tool helped them find unique and romantic experiences.","Regularly collect and analyze user feedback to refine recommendations, improve user experience, and update features.","*   **Interface**: Chat interface for interactive planning.
    
*   **Input Methods**: Text or voice input for queries and preferences.
    
*   **UX Considerations**: Easy navigation, clear display of recommendations, and editable itineraries.",6,,"A family planning a trip to Italy can use the GPT Personal Travel Assistant to find family-friendly accommodations, activities, and dining options, tailored to their interests and budget.","*   **Tutorials**: Online guides and tutorials to help users get started.
    
*   **Customer Support**: Access to support for troubleshooting and assistance.
    
*   **FAQ Section**: Common questions and answers to aid user understanding.",2024-08-04,ChatGPT,GPT 4o,1.1
GPT Time Management Assistant for Adults with ADHD,UC_6,Personal,Organization and Planning,"*   **Personalized Planning**: Tailors suggestions and schedules to fit the unique needs and preferences of individuals with ADHD.
    
*   **Reminders and Alerts**: Provides timely reminders and alerts to keep users on track.
    
*   **Adaptive Learning**: Learns from user interactions to refine strategies and recommendations.
    
*   **Focus Enhancement**: Offers tips and techniques to improve focus and reduce procrastination.","*   **Google Calendar API**: For syncing and managing events and schedules.
    
*   **Todoist API**: For task management and to-do lists.
    
*   **Pomodoro Timer APIs**: For integrating focus session tools.
    
*   **Habitica API**: For gamified habit tracking and motivation.","*   Adults with ADHD struggling with time management.
    
*   Students with ADHD needing help organizing study schedules.
    
*   Professionals with ADHD looking to improve workplace productivity.
    
*   Individuals seeking to develop better time management skills.","*   **Strengths**: Customizable, empathetic approach designed for ADHD-specific challenges; integrates multiple tools for comprehensive support.
    
*   **Weaknesses**: Requires consistent user input and engagement; potential dependency on digital tools.
    
*   **Opportunities**: Expansion into wellness and mental health support; integration with wearables for real-time data collection.
    
*   **Threats**: Competition from ADHD-specific apps and traditional time management methods.","*   **Computing Power**: Low to moderate, for handling user interactions and data processing.
    
*   **Data Storage**: For storing user preferences, schedules, and historical data.
    
*   **Human Resources**: Required for development, maintenance, and user support.","*   **Costs**: Subscription fees for premium features, initial development, and ongoing maintenance.
    
*   **Benefits**: Improved time management, reduced stress, better productivity, and potentially improved quality of life.",,"*   **Daily Routine GPT**: Focuses on creating structured daily routines with flexibility for unexpected changes.
    
*   **Focus Booster GPT**: Specializes in techniques and strategies for improving focus and minimizing distractions.
    
*   **Motivation GPT**: Provides encouragement, motivational quotes, and rewards to keep users engaged and motivated.","*   **Task Prioritization**: Users can customize how tasks are prioritized based on urgency and importance.
    
*   **Reminder Settings**: Adjustable reminder frequencies and notification styles.
    
*   **Interface Customization**: Options to change themes, layout, and display preferences.","""Help me plan my day, including work, exercise, and relaxation time, with reminders to stay on track.""","*   **User Surveys**: Collect feedback on usability and effectiveness to adjust features.
    
*   **AI Learning**: Continuously refine suggestions based on user behavior and preferences.
    
*   **Feature Updates**: Add new features based on user needs and technological advancements.","*   **Integration with Wearables**: Track physical activity and remind users to take breaks.
    
*   **Mental Health Support**: Incorporate mindfulness exercises and stress management techniques.
    
*   **Collaboration Tools**: Enable users to share schedules and tasks with family or colleagues.","Provides practical, personalized support for time management, helping users with ADHD better manage their lives, reduce anxiety, and achieve their goals.","*   **User Accounts**: Secure login for personalized features.
    
*   **API Integration**: Smooth integration with calendars, to-do lists, and other productivity tools.","Moderate complexity involving integration with third-party APIs, user data management, and providing adaptive, personalized recommendations.","*   **Data Privacy**: Ensure user data is securely stored and not shared without consent.
    
*   **Bias**: Avoid biased recommendations by ensuring a diverse set of data inputs and algorithm checks.","*   **User Engagement**: Effectiveness depends on consistent use and engagement.
    
*   **Scope**: May not address all aspects of ADHD-related challenges, such as emotional regulation.","The market includes productivity apps, ADHD-specific tools, and traditional planners. This GPT assistant differentiates itself with AI-driven personalization and adaptive learning.","Available via web interface, mobile app, and potentially through smart home devices for voice commands.","Increasing interest in digital tools for ADHD support, especially those offering personalization and adaptive features.","*   **Clear Instructions**: Specify the type of tasks and preferences (e.g., ""Remind me to take breaks every hour"").
    
*   **Detail Preferences**: Mention any particular challenges or needs (e.g., ""I have trouble focusing in the afternoons"").","For general time management support, prompt engineering is sufficient. Custom GPTs are beneficial for specialized areas like focus enhancement or motivation, requiring more nuanced and targeted recommendations.","*   An adult with ADHD using the assistant to create a balanced schedule, ensuring time for work, self-care, and hobbies.
    
*   A student managing study sessions and assignment deadlines effectively.","*   **Scalability**: Can easily scale to support more users and data sources.
    
*   **Maintenance**: Regular updates required for feature improvements and bug fixes.","*   **Secure Data Handling**: Implement strong encryption and secure data storage practices.
    
*   **User Consent**: Transparent data usage policies and easy opt-in/opt-out options.",,"A GPT-based time management assistant designed to help adults with ADHD organize their tasks, manage their time, and develop better habits.",Highlight a professional who has seen improved work performance and reduced stress by using the GPT assistant to manage daily tasks and deadlines.,User feedback is crucial for adapting features and improving the assistant's accuracy and relevance to individual needs.,"*   **Interface**: User-friendly chat interface for ease of use.
    
*   **Input Methods**: Text-based inputs with potential for voice commands.
    
*   **UX Considerations**: Clear and simple navigation, accessible design for all users.",5,,"A professional with ADHD uses the GPT Time Management Assistant to structure their workday, receive reminders for meetings, and stay focused during tasks, leading to improved productivity and reduced stress.","*   **Onboarding Guides**: Step-by-step setup instructions.
    
*   **Help Center**: FAQs and troubleshooting guides.
    
*   **Customer Support**: Accessible support channels for user queries and issues.",2024-08-04,ChatGPT,GPT 4o,1.1